{
    "managedApiConnections": {
        "azureeventgrid": {
            "api": {
                "id": "@{appsetting('subscription_Id')}/providers/Microsoft.Web/locations/westeurope/managedApis/azureeventgrid"
            },
            "authentication": {
                "type": "ManagedServiceIdentity"
            },
            "connection": {
                "id": "@{appsetting('subscription_Id')}/resourceGroups/@{appsetting('resourceGroup_Name')}/providers/Microsoft.Web/connections/azureeventgrid"
            },
            "connectionProperties": {
                "authentication": {
                    "audience": "https://management.core.windows.net/",
                    "type": "ManagedServiceIdentity"
                }
            },
            "connectionRuntimeUrl": "https://c2ad5d54668d4492.15.common.logic-westeurope.azure-apihub.net/apim/azureeventgrid/ed555334b5b541d48d508d851c4144cd"
        }
    },
    "serviceProviderConnections": {
        "AzureBlob": {
            "displayName": "co-sa-blobstorage",
            "parameterSetName": "ManagedServiceIdentity",
            "parameterValues": {
                "authProvider": {
                    "Type": "ManagedServiceIdentity"
                },
                "blobStorageEndpoint": "@appsetting('AzureBlob_blobStorageEndpoint')"
            },
            "serviceProvider": {
                "id": "/serviceProviders/AzureBlob"
            }
        },
        "serviceBus": {
            "displayName": "co-sb-servicebus",
            "parameterSetName": "ManagedServiceIdentity",
            "parameterValues": {
                "authProvider": {
                    "Type": "ManagedServiceIdentity"
                },
                "fullyQualifiedNamespace": "@appsetting('serviceBus_fullyQualifiedNamespace')"
            },
            "serviceProvider": {
                "id": "/serviceProviders/serviceBus"
            }
        }
    }
}